id,phrase,final_score
d0015261-9d39-42ef-afda-9b6c0b03ff4f,"Exclusive Content",4.38
8a6487c0-217c-40e0-8beb-1328c9a15188,"Rocket Launch",5.42
f90ef7db-c3df-42ed-b39b-f1c8f5b52ce0,"Solar Energy",5.42
7976a9e2-7976-4cea-9d01-24910787f8c7,"Content Library",5.42
33991f2b-c0ee-4772-abc7-a49e6b0d7064,"database test phrase",9.03
854d69a9-da7e-4c1f-8f1b-dabd7b0c653f,"Wireless Charging",9.33
03b3ae1d-c051-418c-adeb-364aa4397e83,"Airplane Boarding",9.33
d483a299-613d-4962-9e68-3d960a4f9595,"Tropical Rainforest",9.33
d8d95fb5-9f5e-49cd-80d0-1289b9bd3c6e,"Birthday Celebration",9.33
9982c929-d659-4ff9-af5e-e3edfec23382,"Bluetooth Headphones",9.33
65afc5f6-04c0-4594-b1de-168a39bf753f,"Streaming Platform",9.33
b06c5f26-582c-44bc-bf2e-d12440336e7e,"American Revolution",9.33
43a92881-c9c5-42e0-b3f2-8a3deefe7c4a,"Wireless Headphones",9.33
e6058159-5d1f-4036-8a7b-e4aa584193f6,"Parental Controls",9.33
54bdd5d8-4856-44fa-b79b-242bf5db3408,"Complete Makeover",9.33
ec0d5ea9-7a10-41eb-b0e0-da9b562123b2,"Classical Symphony",9.33
53df47ae-25c6-4b20-98f9-f8e9c3cceefb,"Omniscient Narrator",9.33
28197fb9-a4ba-4382-8627-dea9f44dbd57,"Renaissance Period",10.38
abeabb1f-dbe0-4dd0-96f3-f20c1d431348,"Spaghetti Dinner",10.38
1fcde345-c585-4a5b-a7e0-5579318a48bb,"French Revolution",10.38
e509f527-700b-4fd2-8d9a-a9e4e651d79a,"Signing Declaration",10.38
2c89eca1-3493-4112-9f82-264988707df1,"Safari Adventure",10.38
721a3e80-c3e8-465c-8d2a-3d4d2ad3fefe,"William Shakespeare",10.38
52858576-6b95-4778-b108-d4fec3d9c70a,"Saxophone Player",10.38
008705cc-4892-4309-85c8-97d3dba3e5dc,"Everything Hurts",10.38
e050b65a-ec1a-4da6-98ed-e1e37e7e80d9,"Streaming Video",10.38
4b84f43d-30d1-4e19-b1d8-1a22942d9e87,"Space Adventure",10.38
dac9062a-7842-4869-a865-c8b9a7bd8c7b,"Sherlock Holmes",10.38
092fadc0-d7dc-4f7e-8654-aa7e986ed635,"Misty Mountains",10.38
bc1c99b7-1b5d-435b-a861-e9daaa0696c5,"Volcano Eruption",10.38
660f47dc-9a17-4ab2-9dcb-a4723cd9bc78,"Rainforest Canopy",10.38
be987557-79d3-4bb5-abfd-0b5a19241e9f,"Streaming Buffer",10.38
813adfce-0683-4d64-bcd1-06c50c8b6b2c,"Watermelon Slice",10.38
a97e020a-3c28-4c82-a7f4-6541bee07406,"Streaming Movies",10.38
28c49c40-affb-4128-9610-07cc30bdf02a,"Superhero Landing",10.38
127b14a7-ecbd-4a20-ba34-3daaf2e7cd97,"Beyoncé Performance",10.38
60576823-12f7-4533-8dcd-d3bd358ccfc0,"Serena Williams",10.38
88b41721-3ded-480c-bf37-d168f6c8bffd,"Mashed Potatoes",10.38
7da54905-436e-40de-a1b4-ec007e5d5b84,"Everything Bagel",10.38
61290c31-8bcc-4b8c-927c-51aaf563fc80,"Romantic Comedy",10.38
168ae5de-b8db-4886-9792-64ebd990c349,"Original Series",10.38
a53a4e2f-724e-4daa-b7be-0aab89bb06dd,"Everything Changes",10.38
e7325095-8963-4cfa-93f6-b630153351bf,"Voice Assistant",10.38
f4f46401-8951-48d8-aa21-d3383f9a8317,"Everything Black",10.38
a44611ba-db84-4d1e-9e9f-95aed482504a,"Spider-Man Swing",10.38
a6442ccd-e226-4ad2-8937-c8c0f6e757bb,"Zombie Apocalypse",10.38
c46872e7-b03a-4c44-9bf4-52d0372ea923,"Alien Invasion",10.38
7dbb0650-5ad3-435a-913a-8845c1fa46b9,"Ancient Pyramids",10.38
68baf135-0612-4662-8f24-93b59a105365,"Mission Impossible",10.38
e474f18d-138d-414b-87e7-eb62145653ed,"Backpacking Journey",10.38
b4c48d7d-f069-4362-a447-9a59d1d58300,"Mountain Climb",10.38
4b3d98ef-009d-4db0-b9b4-09dddacb9673,"Oscar Ceremony",10.38
d0df083f-5e1b-4495-8cdb-6acb4249f1f1,"Augmented Reality",10.38
853f88a8-579d-4e74-baec-8d8ac118f941,"Flying Squirrel",10.38
8a89a2d9-af13-4350-a610-a8a8489b93fc,"Violin Symphony",10.38
913a2e8a-32ed-4b29-8d82-d6ced8c7d639,"Summer Vacation",10.38
c12488a9-0054-45be-969f-a94e63866e83,"Skateboarding Trick",10.38
d2207148-b05f-45cc-bd9c-c59c28bf5db6,"Lightsaber Battle",10.38
05b289d9-cd0a-421e-8440-a34ca64f4c37,"Fireworks Display",10.38
88648b8c-25bc-445d-9a40-a4ee256ee962,"Binge Watching",10.38
9f6ca67f-d255-4a59-b28d-48c444bbfd4e,"Broadway Musical",10.38
24f8d131-c514-4e5f-bd35-a71fae862ac8,"Butterfly Flutter",10.38
6af11d45-c754-45c8-a1e8-f4f323a390c4,"Brushing Teeth",10.38
deda54a9-93f0-4d25-a07f-04e4f0ecdd12,"Electric Guitar",10.38
d3e14b26-5485-44f3-b2b8-789fbf19976f,"Tropical Island",10.38
77807262-cf87-492b-8aa4-45f77bcddfb5,"Queen Elizabeth",10.38
48969bb5-f651-4edc-b65f-4439250ef65c,"Santorini Sunset",10.38
c828aeb2-c1bc-4977-8909-07fec8a4c03d,"Opening Presents",10.38
ccddf59e-3386-4341-b92a-0dac865fd599,"Elephant Trunk",10.38
08a463e1-31fb-4dce-93d5-2cf186a5b4a4,"Campfire Songs",10.38
c7962ea8-9458-481c-899a-0a7279b2fa18,"Jennifer Lopez",10.38
29d6574e-d534-4c09-8152-30b5f438ee4d,"Batmobile Chase",10.38
c7846f04-bbc9-4cff-8094-493d98e76de3,"Bluetooth Speaker",10.38
abc935fa-6f42-4d85-b33b-fb5dd28ca353,"Frozen Sing-Along",10.38
4fa45bd9-258a-4a28-b0fc-0508eaebc5dd,"Oscar Acceptance",10.38
df7b633e-c856-40f1-b39a-f048faa9b433,"Albert Einstein",10.38
bd4bb7aa-313d-4239-8943-7bd46be1a0c9,"Surprise Party",10.38
a08da8e2-8829-4491-8250-3a1b55344b71,"Jennifer Aniston",10.38
527de91d-1d19-48cf-889f-12abcf13d7e6,"Climbing Trees",10.38
53f7fe06-7a34-40ad-a263-1d8e5f7997f5,"Wireless Charger",10.38
6717203a-f60c-4cf7-bbb8-6f8d0b23b5ee,"Gardening Tools",10.38
78f558a7-64af-4ee9-b8b9-625d24d92d91,"Airport Security",10.38
5e2ad284-dd2d-4445-bc48-9928974b975c,"Butterfly Garden",10.38
1e543a07-6639-4f80-863f-d84521c36e00,"Wedding Ceremony",10.38
b50c401b-f104-4287-925a-3a747b2c97d9,"Alien Spaceship",10.38
da2afd2b-6667-4324-919a-41bae51321c0,"Chris Hemsworth",10.38
d3597136-b7f3-4def-8eeb-f1472ab523ab,"Backpacking Europe",10.38
135f691e-384b-4ba5-b586-f8cc732eabf6,"Cyber Security",10.38
e33c2914-9294-4978-beb6-bd0f622cc5f9,"Juggling Balls",10.38
6ca75cf4-67bf-40bc-ac94-5ce0d8097acd,"Smartphone Selfie",10.38
6248ef2b-b85e-493f-bcbd-8a13e31f8103,"Milkshake Straw",10.38
065ffa4a-48de-487e-a041-f5792a52fb5c,"Roadside Motel",10.38
0895b08c-c46e-4a10-b996-3ebf2758fbb4,"Passport Control",10.38
fc7243fe-64e4-417d-a184-89bc4d7eae96,"Electric Scooter",10.38
60be0d10-81b1-4eae-b66e-c5ebadafc855,"Fruit Smoothie",10.38
f1a20d43-07b5-4fef-8a99-fd3b26e2730d,"Kangaroo Jumping",10.38
765532f5-fbb8-41e8-9186-a09c275d77a6,"Kardashian Drama",10.38
b94e57f4-0687-48e8-9aeb-1dd268899b91,"Great Depression",10.38
ee96c6ba-09b1-42c3-901e-d6bf3f116fc2,"Space Telescope",10.38
bc3886b0-d5cc-41a1-a26e-b9d93f651cc0,"Lemonade Stand",10.38
f12cf130-1021-488d-ae99-208c773c397e,"Sinking Lusitania",10.38
6730d62f-d886-4474-8b77-11ddada8c2ca,"Cloud Computing",10.38
1196927d-ba2a-4bb1-ae23-ec1e1761bfc6,"Mount Rushmore",10.38
de68ec13-de6a-45e4-a206-cff903aeaaeb,"Blooming Flowers",10.38
5d6f506c-1ee9-48bf-8319-b9dd0cc52313,"Whale Breaching",10.38
778f6c3c-5c57-49f5-a57a-ad20d643949d,"Women's Suffrage",10.38
20a82810-0f1f-4304-b2b7-66b2b7f2b926,"Gettysburg Address",10.38
869a2dd2-b6b2-4f31-8051-f85b994cb236,"Tropical Rain",11.42
d2b14924-c60c-40a7-9602-8050b5459daa,"Drone Camera",11.42
80b94287-732a-4c3d-9871-35e2010075f7,"3D Printing",11.42
12246668-c7dc-4213-9295-65111754aadc,"Solar Panels",11.42
cc78ec1d-fad8-47d8-8969-306659806273,"Solar Panel",11.42
bf68ad0d-b95e-44be-af71-ff8e4c2968d7,"Virtual Reality",11.42
f507de8d-7b75-4831-9bec-b9a5de69cbdf,"Wi-Fi Password",11.42
3cdae3d3-6aca-49a2-b2e7-6bfa35b364e2,"Oprah Winfrey",11.42
89db1d7c-dec8-4277-98be-a616324b5437,"LeBron James",11.42
88885fa5-85aa-4ee4-b32d-11dee5aec611,"Darth Vader",11.42
4e436bdc-736b-4255-bd1f-e6f3e86c07cc,"Donald Trump",11.42
ed6dbc1f-4b88-40b7-ba9a-3aafe6610b8d,"Selena Gomez",11.42
7894e382-1b67-4cfa-bff8-59968176c222,"Nelson Mandela",11.42
4fdb68ea-162c-4849-ba15-2e6a6face0b6,"Mark Zuckerberg",11.42
4ae0b741-acb4-4d2f-92e3-172386ebc4ff,"Hunger Games",11.42
4931bc30-8267-407c-8926-d3ae6db7a14e,"Marilyn Monroe",11.42
04f4be7d-88d9-45cb-955e-e28bdbfeec9d,"Shrek Swamp",11.42
11fc0331-74f0-44cb-a40f-59350befddf8,"Ariana Grande",11.42
1661d6fe-57bf-44d6-beb2-9a4cec596fca,"Captain America",11.42
ba4612c7-5e1b-47b9-acfa-9daaf537f90c,"Prince Harry",11.42
f4ae2855-9cdc-45f1-b97e-39b7c2878876,"Barack Obama",11.42
86875be6-1136-4552-9c6c-af5331f9b68c,"Vampire Slayer",11.42
e94753ea-e93c-44b1-8b20-3e1711935cad,"Banana Split",11.42
5e771bac-cb60-4405-8446-74dc4a7a89c9,"Popcorn Snack",11.42
b1d2d69e-1d79-48d2-8c55-958936c7ad57,"Frozen Snowman",11.42
1cee8775-aed3-4632-bf3f-564418e24464,"Wakanda Forever",11.42
b226733f-2d31-4982-802f-0c159fede5b4,"Cappuccino Foam",11.42
9b280226-3787-4276-b51b-dcef33b5e78c,"Black Panther",11.42
ff3ab238-369c-469d-a9c7-a793831e99a5,"Popcorn Bucket",11.42
9d92ace6-8b26-4469-a029-b03951c4ec90,"Oscar Night",11.42
24881e3d-135f-4afd-b78f-0a511c8f786f,"Solar Eclipse",11.42
dc2198e6-4b49-4383-a2fe-3919d961fa4f,"Outer Space",11.42
2284659d-1a55-4b4b-9a14-de1e1434f435,"Oscar Statue",11.42
60a1308a-99ee-413e-a8d1-2be50628af27,"Blockbuster Hit",11.42
c2409e9e-54d1-42d3-b31a-2edde255d8ea,"Washing Dishes",11.42
f8c1a51d-d40e-4da6-894f-03d0371c4015,"Fantasy Novel",11.42
238d129a-7310-41eb-849c-0021be90e8a2,"Pet Adoption",11.42
905d2dea-aaef-4ed4-b9b1-2079efeea56a,"Grammys Night",11.42
9bc9dea2-d86f-44ee-925f-7f528db38f56,"Treasure Hunt",11.42
52f61868-8ec8-47ca-b701-8ea8ad961960,"Karaoke Night",11.42
df1e3a8f-f4c8-4d4a-a856-f7b3a67cf7c0,"Christmas Tree",11.42
1279b618-a8f8-4550-98c6-ee2350589f67,"Playing Guitar",11.42
a6790e46-d71c-4812-b60d-a40ad57786c0,"Oscar Winner",11.42
c92bd4cb-d86d-4588-801f-ae1ae7d0d33d,"Hollywood Walk",11.42
56e39138-780b-4875-96d0-5a92128bd7f9,"Action Figure",11.42
303e11de-1719-46ef-abaa-9540b4409cb1,"Garden Party",11.42
22bafd85-0cf2-4dd7-adc9-2d48a8331493,"Dancing Queen",11.42
76372147-ff50-43c1-b97f-5191f9069a13,"Roller Coaster",11.42
17ee49f5-a545-497b-b4b5-202110da8307,"Grammy Winner",11.42
57b18ca3-81f5-4443-a096-344da53f6f57,"Michael Jordan",11.42
e912a547-578e-47c2-9efc-a692fac3b16c,"Super Mario",11.42
7915cd26-4482-47bc-b36b-e07b424e329f,"Oscar Nominee",11.42
fb152021-47ee-468d-a5f6-71ddcc8daf43,"Women Voting",11.42
e5ebd434-6b8c-4fce-adcb-4fe7f41b59f0,"Ancient Egypt",11.42
5e5f2457-1278-485c-bd14-04a8ae272af7,"Broadway Show",11.42
476ebfe4-0470-45c7-bccc-b171f96a0338,"Mickey Mouse",11.42
f706a71b-8356-4108-853c-a0849c770f50,"Choir Singing",11.42
506827bb-4d1f-4a85-9447-38567572e075,"Titanic Sinks",11.42
9cdb99c3-38bd-44ee-91d1-1f13b0d5873c,"Olympic Games",11.42
86e25a42-a0bf-4e4e-9411-74b1e922722d,"Maya Civilization",11.42
1381b30d-8421-4dd2-9820-a49cd41aa1a2,"Titanic Sinking",11.42
298f386a-d102-4687-8a94-9c04dd124efe,"Elvis Presley",11.42
2bed3007-ab57-4159-96ca-a0ad96c873db,"Justin Bieber",11.42
c1a91fd4-88d7-4d75-b7fc-e1c509af7558,"Beatles Reunion",11.42
cbb53e74-9d8f-4a57-a4eb-d97422a3bc54,"David Beckham",11.42
39a2c24e-e20b-4e08-957d-430a38cfc987,"Black Plague",11.42
edc214b0-c22b-4107-8b1a-60687399b8ff,"D-Day Invasion",11.42
ea55a47e-cebf-4089-8400-faa13d862666,"Lightsaber Duel",11.42
8d9c1582-32e2-49b3-b308-4caef8e1b721,"Michael Jackson",11.42
24e14ef2-d75b-425a-ae3b-08bc6e2cfde2,"Pearl Harbor",11.42
9d73c46a-b37b-4a36-ac58-89d4b9ceb313,"Playing Drums",11.42
98341311-a337-4d94-a0d4-71f4691434b7,"Backstreet Boys",11.42
2489ac39-d9a0-4899-91ba-4b783ab15bab,"Opera Singer",11.42
e6a978c9-6db0-4ec6-8b8d-736e4e743005,"Rugby Tackle",11.42
9bcc8a8b-ba3b-4574-8d3b-f1c98a2c0a24,"Violin Strings",11.42
b6ceee8c-2f78-4007-a999-84d4023ca466,"Beyoncé Dance",11.42
090a9ef0-b525-4ee8-be5a-40b434668657,"Simone Biles",11.42
dc31c778-9935-4727-b9f2-faa60d34842a,"Tiger Woods",11.42
4338022a-78ed-43e4-aa55-551ddaad194a,"Beyoncé Knowles",11.42
1344e6a7-d2ae-4707-af38-cd98d39c5b41,"Piano Lesson",11.42
5c648083-b875-490c-b9c7-d698a91a10a3,"Saxophone Solo",11.42
2b83c8b8-188a-4ecf-948d-9703f7a215cb,"Piano Recital",11.42
f75d99d6-5a25-4efb-930c-8f1fbc3e5b5d,"Mad Scientist",11.42
30f077df-48f0-45ed-a669-156b687e0381,"All-Seeing Eye",11.42
932658b0-384c-4634-a54f-7a9b8a286ed0,"Rainbow Colors",11.42
02227177-efbc-437f-8493-c0ff0d179693,"Planet Earth",11.42
99fe90f4-a9ed-47c6-a4b3-18f83260ebd5,"Online Gaming",11.42
e811edfb-c53c-4a5b-8c39-c1b1b758a4e4,"Rainbow Bridge",11.42
5ba0f57a-e08f-4941-a686-88f81176ec73,"Lionel Messi",11.42
a3b48f4c-75e1-49c7-96bd-483cbcf2e94f,"Digital Wallet",11.42
5fecf1f8-677d-4527-aa3b-af5c13f7788b,"Magic Trick",11.42
307219a3-3e92-4e77-8bd7-1f18260c872d,"Whole Grain",11.42
b996e52d-67be-41fc-ba19-e3284a09e720,"Account Login",11.42
18da55c2-7c77-47ed-ac12-5d3be55697e6,"Rafael Nadal",11.42
30dbc2c0-d0d1-4856-aa93-151b82a12b57,"Olympic Medal",11.42
5658ecc8-2be5-4b14-a95f-e6ef7cc80091,"Infinite Loop",11.42
2998f74e-7464-430e-becf-bb1a14a19454,"Jigsaw Puzzle",11.42
6d0bb9a8-ab07-4af1-a1a1-f548679aa13e,"Magic Carpet",11.42
7dcf6bc5-bd24-4c13-8a61-d88a1fafb82e,"Figure Skating",11.42
27d2b179-7233-4734-ae77-0f4d03bccf18,"Holiday Season",11.42
cecc4076-74ea-4d1a-9149-7101202374d7,"Disco Fever",11.42
018d8c52-b38d-435b-8b24-7838f54cff00,"Rugby Scrum",11.42
b11b459b-18d5-4036-aa3b-bbe0b465f423,"Subscription Plan",11.42
17ce5ad3-1741-472c-a880-1ef52508954c,"Haunted Mansion",11.42
2656a095-2181-45c7-9b11-dda126b8701f,"Cricket Batting",11.42
0b83c034-bdf8-43e9-9922-9141cacb76e4,"Olympic Torch",11.42
2921f983-cfe6-43cb-9f9e-1f2272af81db,"Total Eclipse",11.42
4a43d0ce-4446-4cda-8e6e-bcf0181adf9a,"Space Rocket",11.42
3cd30913-71ae-47ce-acb9-f5062a28b28e,"Mountain Hike",11.42
2e096717-464f-47ea-876f-b1c1ef15915c,"Venice Canals",11.42
6f18e6d5-7217-4094-ab60-ece183d5aebc,"Smart Speaker",11.42
0bfde6b3-6858-4608-b041-d33540aa1e94,"Grand Canyon",11.42
a067fc09-35e9-410a-9d5a-739b6625b0ec,"Rome Colosseum",11.42
d2c3db94-7948-4567-be6f-15c6365571f8,"Hiking Trail",11.42
e315271a-1491-4be7-beb9-9d129ca02e3f,"Backpacking Trip",11.42
2a128f1b-1901-4233-bd17-661f012209ef,"Desert Safari",11.42
64594741-41fb-452a-9de7-9eb05a372d0d,"Times Square",11.42
71c1ffae-1be3-4e7c-b42f-a26751cf1814,"Smartphone App",11.42
35772b04-13e8-4bc9-a270-800aa520ee29,"Robotic Vacuum",11.42
3defc662-4dbd-40fc-b81a-fad8c68d8fc3,"Hawaiian Luau",11.42
2957832d-abc2-4c45-b752-7a54aee77aea,"Eiffel Tower",11.42
85bd7f28-0133-4377-a6d5-900ae9ed063d,"Airport Check-In",11.42
2db61935-e4af-42cb-826d-5d38eddfe22e,"DNA Sequencing",11.42
1215702e-4911-40cc-be3a-8be8fece3c91,"Mount Everest",11.42
c4e28422-bad9-415a-bccd-17ac2443926d,"Tourist Guide",11.42
a6340466-db36-4c96-9851-950db2b4cab4,"Alaskan Cruise",11.42
ad389566-4bae-43fa-a647-690071d3932c,"Space Shuttle",11.42
bbbdf5b9-6afb-4705-915e-b9de4ebbd859,"Space Station",11.42
850d1c33-9d7b-4e11-b270-7b226728d670,"Venice Gondola",11.42
8d1560ae-6048-480f-81cb-c5d1bd4315a4,"Bungee Jumping",11.42
86ebebcb-2ba5-45bd-9293-8616524fa225,"London Bridge",11.42
7c25f7c4-1d9b-4b39-b852-da007f63a7c2,"Digital Camera",11.42
2be20bd0-446f-4bfd-bae3-8a7543d33500,"Robot Vacuum",11.42
c225d35d-c7c8-43b7-9c06-e465be6bc8a3,"Niagara Falls",11.42
2c1a8471-f81a-4c83-82c6-ad08e65e2cb7,"Bird Migration",11.42
f720a2b1-6da8-497f-b479-b8e121a3c281,"Beehive Buzzing",11.42
f59ff073-3171-4ecd-9741-780146f36169,"Ocean Waves",11.42
1424c3be-7c3b-43ee-9246-44fd7f1f7166,"Desert Oasis",11.42
7bd4724e-217b-4942-9d51-791291fe0ac1,"Eagle Soaring",11.42
2ea21b3e-e6da-4e3f-9b1c-78cd94a5b970,"Forest Trail",11.42
15b030cd-41d7-474e-8f65-460d6b0a2c81,"Giraffe Eating",11.42
24150b3b-a491-4e06-91a4-c6d84826f694,"Dolphin Dance",11.42
f85256af-9082-4fc7-ab48-12b6051bf29d,"Smart Watch",11.42
d910529d-e4cf-45d9-a7ae-96c89cab777a,"Desert Cactus",11.42
e889f462-d4a6-43b7-8a9b-552030c41b17,"Sunset Horizon",11.42
ca2ad3d9-3446-4677-815f-cc02a3562ac4,"Bear Hibernation",11.42
ca37f250-7e71-4882-98a7-7783969b4b61,"Kangaroo Jump",11.42
74390491-b30a-44f8-86f0-12f787c1f94f,"Cherry Blossom",11.42
0fbe95d1-e933-4547-be82-41f402993564,"Elephant Herd",11.42
4cd385c8-51e3-490b-846a-b8291fef5847,"Cloud Storage",11.42
6bd65093-885a-4282-a861-398326300516,"Penguin Waddle",11.42
7a2ba232-3445-4496-a542-50f5b11611d4,"Mountain Peak",11.42
f23a3fc9-de4b-4fa3-8acc-82b704300035,"Bird Watching",11.42
75a33c7e-acff-4d95-98fe-0ee83884f156,"Stephen Hawking",11.42
e9b98744-9ffb-45d7-a2b0-b5e7b8a0edb8,"Jungle Safari",11.42
05213c8e-4724-4bcc-a496-a3c0ffac6119,"Civil Rights March",12.25
010edfdd-6676-4da0-bc0f-bdeceeae0458,"Sitcom Laugh Track",12.25
5e1c5649-cbb1-46dd-86ff-086ac4bb62fe,"Pumpkin Spice Latte",12.25
3f514149-3a63-47ff-8a14-7a0ffddac0cd,"Magna Carta Signing",12.25
5619f9cd-aae9-45fe-bb6c-9413ab203523,"Pearl Harbor Attack",12.25
f93a45d9-acf0-4fb6-baa3-d6247007f5a2,"Paris Eiffel Tower",12.25
1e26c9f1-f6cf-49fd-8b40-455638da6646,"Hollywood Red Carpet",12.25
aee7248a-47db-419a-8e54-44ff732fc703,"Camping Under Stars",12.25
82127bb4-4220-410f-8fcc-ec01e0914ef6,"Roswell UFO Incident",12.25
0c31e723-ad10-4532-803d-1e26a6d8c50f,"Honey Bee",12.46
5f00ad27-6301-4edb-985a-9f6028da3405,"Fishing Trip",12.46
23e471de-d48f-4de6-a0f8-5999f9ba575e,"Coral Reef",12.46
be16f389-80ba-464c-b11a-fbda2be454c6,"World Tour",12.46
9e3f9f99-527c-42f9-ba5b-0f513d516d6d,"Roaring Lion",12.46
48de9274-d310-46df-9069-c9727de76efb,"Guitar Solo",12.46
2364597c-1982-4fa7-9732-809771f94c21,"Forest Hike",12.46
bd4909c2-7499-4f7f-b757-8999c7007305,"Mario Kart",12.46
72efeb85-aa49-4581-a27a-9151e03c6994,"Jedi Knight",12.46
a4621b55-2086-4a26-bd20-bd5980a12040,"Cricket Bat",12.46
9351ce88-b5cb-4353-ba2f-839189da293e,"User Profile",12.46
97877b3a-9bfc-47a9-89cc-73b591e4ff07,"Adele Song",12.46
54923659-08fa-4176-9291-ed1e68e53dca,"Piano Keys",12.46
206348b6-b686-4175-93c7-3b3e20b76f80,"Emma Watson",12.46
11d47ee0-3ae7-4313-838d-c4c41c0e8570,"Cruise Ship",12.46
3f728c4e-d2c3-41ee-977f-6e5f39d31834,"Jungle Trek",12.46
7f1406fe-7eae-4e9e-8410-023ae23903c6,"Moon Landing",12.46
4cbc3531-6b1d-417b-8299-8e4ec0a73885,"Olympic Gold",12.46
36256d6e-4c6e-47ba-9859-1637061c51f6,"Central Perk",12.46
b137bcbf-a9fb-4dbd-83cb-0c5f06ac6a91,"Steve Jobs",12.46
428a539b-456d-4818-b04c-118d20a5795d,"Dolphin Jump",12.46
a31fbca1-25ba-4f83-9443-bb87620bf8e1,"Penalty Kick",12.46
5c1a1d8e-b950-47ea-8d84-96458e2113cc,"Tom Brady",12.46
c0c23f94-cad6-46b7-9396-ab07b668c068,"Tech Gadgets",12.46
3ce642a1-b3a6-4bdc-984b-822218b72565,"Piano Solo",12.46
21edc047-a324-496b-baeb-149b24624449,"Fencing Duel",12.46
b82cfbbe-e5ee-4217-9178-3206cc336fbf,"Guitar Hero",12.46
94d76b44-dbd6-4bbb-ab91-ce4c6a32bae2,"Mars Rover",12.46
5ae5680d-6fc3-4064-860d-8bf49c9fe48c,"DNA Testing",12.46
4dfc27cb-fcda-4da1-90d5-595c84331a5f,"Stone Age",12.46
9c6f1b6a-7098-4421-8b51-c3c0375eb903,"Usain Bolt",12.46
8811e69e-5e58-42d1-b58f-6b4563adc887,"Elton John",12.46
ae0fdf07-2141-46be-8171-79fee3d76527,"WiFi Signal",12.46
91e9a044-c236-43bf-a8bc-dc1598eb478f,"James Bond",12.46
41f4aa88-02fc-4bb8-93bd-b65e41344f89,"Tom Hanks",12.46
cc321179-dc61-4028-be22-da4749004d05,"Lion Roaring",12.46
f505ffca-ae7a-4d48-8155-1c57e334fb3e,"Bob Dylan",12.46
9a757b84-93cc-41fc-bbb7-a3cd5ec4a75f,"Stephen King",12.46
27d4282c-dc74-495e-b0e7-e5ad451c8dee,"Life Coach",12.46
73c5fbe2-df9d-4252-a396-72ed3f572282,"Toy Story",12.46
dffc4a02-27b5-4e73-950c-57b35ee3b51e,"DJ Mixer",12.46
9bb1aa7c-8aff-4edc-a09f-9a3ccd502f95,"Rap Battle",12.46
a9978189-48a3-4b2b-9ea2-adfa0718260b,"Jazz Singer",12.46
cb3314a5-b57d-497c-b5f7-5acee4ce1b30,"Yoga Class",12.46
418ed5bf-3c24-4413-8cbe-54e6e1ef1e6e,"Taco Fiesta",12.46
bcab62f6-129a-419b-9253-72be32afc070,"Polar Bear",12.46
5e44475a-7d94-46a0-b149-2f05c976d68a,"K-Pop Dance",12.46
b021187b-7a62-4fc1-936b-e9a1ed6a863e,"Taco Tuesday",12.46
4ff906e2-87e0-479b-ba67-308c88948aae,"Reality Show",12.46
145ae518-f410-4fbf-ae3c-02e0f886c4a3,"Paw Patrol",12.46
b5670989-71d2-4a6f-8332-739ed7581345,"Comic Con",12.46
37596939-a038-4de2-aa64-b6a5dae2a9c2,"Katy Perry",12.46
7bc5e912-776a-4814-a348-848f22afcc54,"Camping Site",12.46
439d2e58-78c4-4583-98df-be69abc082df,"Bill Gates",12.46
c21646b5-13a4-48bd-a21b-ab2d4b7af58a,"Camping Trip",12.46
44997ac7-3003-4aaa-aa20-b9580805d806,"Snowy Owl",12.46
0832b7ec-f251-4793-9408-afc7c188473c,"Giraffe Neck",12.46
6f16e307-0d65-4cd9-88a9-4fd1cb18dc2a,"Red Carpet",12.46
0a90c07b-b343-488c-a9f3-464f86438eb0,"Magic Show",12.46
fa686ac9-4218-40f6-829f-314e05fef5c5,"Forest Fire",12.46
e546c89a-b340-4688-9d2b-ff6a6d65c2c9,"Ed Sheeran",12.46
06a3bf07-4351-45bd-b2f8-0fd24ef24560,"3D Printer",12.46
4789195e-6ddb-4b5d-892c-9c11149b40af,"Video Call",12.46
b617d073-1504-43fb-af3d-5f35cca20512,"Beaver Dam",12.46
a47755c3-0b2c-44ea-bcdf-51d093fb3aff,"Island Hop",12.46
16f3c1fa-47fa-4bd5-854c-3e2720deb2fb,"Violin Solo",12.46
1a72349d-174e-464c-8fd3-dd9ef1a58b04,"Everything I Own",12.94
e8fbabab-1f6c-4b62-a6e0-ef669d8ffe6d,"Golden Gate Opens",12.94
054c8b14-1482-4b9c-a810-ecd5ef4a6236,"Captain Jack Sparrow",12.94
3498aa16-2000-427f-b774-9679c51c2dde,"Reality Show Drama",12.94
ba49feb3-d9c9-40be-8fff-0a54ae071792,"Magic Carpet Ride",12.94
d568b171-95c4-47e2-8dcb-66f58883b7cf,"Olympic Gold Medal",12.94
65a2e6e9-ce20-42c5-b91c-3a3dc286e0b6,"Martin Luther King",12.94
fa42c50b-398a-45b7-bd6e-92804ead3cff,"Elon Musk",13.50
6749c765-bd90-473e-887c-94f8296972b5,"K-Pop Band",13.50
ee1d77c6-99b6-4b95-a69d-f3ef5e3bb55a,"Streaming Service",13.50
86b84882-59d5-4723-ac44-6174beb263c8,"Drum Set",13.50
e1780a39-866d-4855-89c7-3fc0f0f3c6c1,"Rock Star",13.50
3678d421-e8dd-4665-979b-722939ddbd48,"Pop Idol",13.50
612823fa-5c86-48c6-aebb-09d8fa8292a7,"Lady Gaga",13.50
ba8fba8c-19b4-4a5f-b2c6-cd269bb1067a,"Pop Star",13.50
bee093bb-ae0b-4f86-a8c7-5b0a8388be85,"Drum Solo",13.50
1b679084-f809-4bb5-86d4-26781ddee3a2,"K-Pop Idol",13.50
9d35025c-d1f5-49f5-86ad-29bd865c748f,"Drum Kit",13.50
77747119-6542-43a9-a180-8118a23b7d1d,"Jazz Band",13.50
2515ab0a-43af-4bfc-8af7-965a0f87cf90,"Lion Roar",13.50
b2583808-d888-4eb9-be45-2ff70bb63a85,"DNA Test",13.50
fecbf3eb-069c-435a-b038-b8540a83ae3a,"Woodstock Festival",13.50
4f78bbd1-de47-4f5c-9496-f5d0ca4536c7,"Gold Rush",13.50
2dbb1c3a-c237-46b0-9fc8-0bac6d7f4b07,"BBQ Ribs",13.50
7b0d5321-7e03-4de0-a3a0-683099692123,"Red Carpet Walk",13.64
52bcbf05-0d51-4250-9ab1-1ef5cfef5150,"Mona Lisa Stolen",13.64
4c9b08fb-376f-4c8a-a846-7c05eee4f803,"Drone Delivery",14.54
cb331572-9f2a-48ea-a1fb-0cf82b7b15b2,"taylor swift",15.42
e806d89d-c271-4615-90bf-ac5df73757d4,"Tropical Beach",15.58
92f503b6-d6c1-4343-9a53-18486f501e9b,"Jurassic Park",15.58
c63efd07-c790-404c-93b2-d97b496f5d6b,"Amusement Park",15.58
8b9bb27b-ee5c-4e6c-8d0e-a6fa68a81941,"Jazz Festival",15.58
4e0cad7b-dc7f-4dd6-9b07-767f2a047dac,"Beach Vacation",15.58
22807942-5be9-42d6-ac6e-607ebd5ed007,"Rock Festival",15.58
3a2c1d12-7786-4f47-875e-3dcf3bfa307d,"Ice Skating",16.63
9f849da0-f5b3-4e01-a302-1fc51333abea,"Quantum Computer",16.63
3b1b0308-1658-4b8e-8fb5-132ba0cb3f23,"Internet Browser",16.63
28c758bd-89cf-4cf3-8622-a372456cc6ab,"Cheese Burger",16.63
240e7bba-eab1-40d7-b4e9-30ae6e2934b8,"Busy Beehive",16.63
bd1b9836-8c34-4970-ac47-4bc29c9ef6af,"Beach Resort",16.63
10d98e30-e338-44ee-8a22-de4c22af8407,"Free Trial",16.63
5706239e-95b9-4022-b54b-17ef752bb1aa,"Theme Park",16.63
f817daf4-36db-4f36-8444-f3bf24f0064c,"Caesar Salad",16.63
38d2dbdf-5fde-4694-b584-c54cb01e2b6e,"Spaghetti and Meatballs",17.11
3e2185b5-b1ab-4241-b538-eb0c1e4f74db,"Falling Berlin Wall",17.11
00c00ab9-0bc5-4b2c-9ada-81584994285e,"Boston Tea Party",17.11
0546a6e8-5476-4675-8e80-95620a849552,"Sydney Opera House",17.11
eba29e16-6fd1-4ac5-9414-631eb929b8c3,"Great Wall China",17.11
a3e434b6-2016-4e8e-967d-8cb02c7bf06e,"Great Wall Built",17.11
524b7b0c-5e62-4429-9e2b-9c230d849da2,"Berlin Wall Falls",17.11
71bed74b-677b-430d-9e36-1b9b3b87d80b,"Everything You Want",17.11
50678333-368f-498a-92c2-ca6b5ac151a4,"Instagram Influencer",17.33
afd0b468-5c95-488a-acfd-d96f40508a9a,"Avengers Assemble",17.33
ff6f1cd6-6c6d-48a8-9b70-aa91ffd345e1,"Simpsons Family",17.67
39253c0d-e262-4e72-b069-92b1a38b913f,"Kardashian Family",17.67
f07d59d5-9c7d-443e-a586-90711f9a8892,"Everything Store",17.67
0614f0c7-12a7-44ba-b7c4-3c6b1e283a9f,"Time Traveler",17.67
63c4b37d-db76-459e-bb39-d6b34e432205,"Rosa Parks Bus",17.81
a842aea5-f504-490a-9044-1323127296da,"Alexander the Great",17.81
32b8d56b-b700-4e81-9d21-9c48c8043046,"Berlin Wall Fall",17.81
e969d01a-8064-442a-af43-9fdf36769ec2,"Volleyball Spike",18.38
5515fa5f-bf7f-44c0-93c0-b09a051286a6,"Marvel Avengers",18.38
5725eb07-3f6f-4fb5-b503-129b25359d0d,"Sunflower Field",18.38
930a226f-2414-4ebb-bf5d-94b4970d6b39,"Tokyo Disneyland",18.38
607c6bef-9b9c-45e8-9fb2-8d249b374be6,"Marathon Runner",18.38
6ce1eeb0-b329-441a-b62b-560c14b64cea,"Gymnastics Routine",18.38
5e628895-24a0-4963-be17-53795307c4b7,"Pancake Breakfast",18.38
dbfe26b2-bbb9-4f5f-bcc7-bd123caf3207,"Hamburger Feast",18.38
3bf21554-597f-43a7-bd3b-3775631bb312,"Piano Concerto",18.38
ccc9d0d3-108b-4b34-bbb0-70bef5f87cd7,"Skiing Adventure",18.38
b09aced8-3a15-47f2-a679-4fb8d7b16fbb,"Violin Concerto",18.38
ca9d83dd-6ab6-4cca-a65d-89226556270b,"Avengers Endgame",18.38
ee5d1e1e-2ca3-45dc-80e0-1e018da16622,"Marvel Superhero",18.38
630ffb8a-f2a3-44ae-b869-56cce5ea9229,"Marvel Universe",18.38
2db898b5-2a20-4010-986d-60f91d5b78b4,"Everything Must Go",18.50
4fbe2e24-4e64-4427-80c8-859ea93e0dd1,"Riding a Bicycle",18.50
fa61cf96-a554-4bd8-a9d3-c454baf3e40c,"Iron Man Suit",18.50
dbb09af8-5383-42f2-8437-314caad6171f,"Video On Demand",18.50
5cf02222-7eb6-4c43-a55f-4e021732dffe,"Singing In Shower",18.50
6b1a7a2a-1b20-4e65-ba10-8e8cfe34590d,"Train Station",18.71
7e4ec951-9874-4bf7-b494-6102e9503a3b,"Berlin Wall",18.71
6475a02d-7d5b-4502-8375-20ee9192dad7,"Wonder Woman",18.71
6b600f1f-8041-4311-95ce-0452d38d7425,"Train Journey",18.71
09d16dec-e319-47d7-a0a0-910144c9813c,"Garlic Bread",18.71
87e985c7-6e11-4355-b67e-7aaf82c9f198,"Green Tea",18.71
5c65bef4-d900-4c8f-aaaf-be0c58684f07,"Smart Home",18.71
6519ca79-b6ea-4be0-9493-555d01fedafa,"Great Wall",18.71
4dfba273-fe64-4e8a-ad90-6fa767fd232f,"Piano Man",18.71
a0a9878e-08d9-483e-8260-31941de162d7,"Big Bang Theory",19.19
32f57761-1889-4431-b496-19a47af9975b,"Leonardo DiCaprio",19.33
cca66558-7b18-4d6d-b0ca-71743783c0d1,"Baking Cookies",19.42
11a409fc-d0ca-466d-a32f-227ca9edceea,"Tokyo Subway",19.42
b6438c15-7efa-4d05-a751-01af32876d87,"Live Streaming",19.42
f6ea8f6e-7f2e-42fd-a967-bb56b6ecdc99,"Beyonce Knowles",19.42
c8112ec8-8ad3-4318-992c-183564518d70,"Batman Returns",19.42
79a36957-4b4d-4d32-a262-1d4cc111d5ec,"Drake Album",19.42
1037f1ad-fbed-4df2-b347-2506e4ee90b8,"Pancake Stack",19.42
133e11fa-02e0-417f-9544-ff31cdfed9c2,"Friends Reunion",19.42
8048463b-6618-4b4b-a133-170d5793b531,"Friends Sitcom",19.42
93d7e50b-a38d-4bfd-b9da-3259749bd415,"Disneyland Trip",19.42
bb9d4998-1a93-477e-90b9-af550f03779d,"Marvel Movies",19.42
fce38ff9-c279-41c8-860e-19f21c363f43,"Gymnastics Flip",19.42
8a026c37-c3eb-4769-b5ce-578a4b293a37,"Boxing Match",19.42
e08ac6ba-8da9-4a45-8fea-5f2a46b341a4,"Marvel Comics",19.42
a8de95b4-81a2-4b8b-8fa3-b3311b0cc630,"Batman Begins",19.42
8ca3cbf2-30b0-4123-a6f3-bc04916a13f7,"Everything New",19.75
879114c1-b3f8-4078-ae38-8427cb8312af,"Home Run",19.75
3caa9b6a-d8b5-4bc1-8017-f85f4ebb0c22,"The Batmobile",19.75
e1e9b958-03a4-4ea1-a46f-bb5147fe51d7,"New Releases",19.75
fe9a4b22-41b8-467a-aaaf-4c54b4bde232,"The Godfather",19.75
93e0c4ca-e24c-4b3d-9cac-12b0d88679b2,"City Tour",19.75
d3c1b7cc-41e6-4a4f-be16-8f724dc22570,"Road Trip",19.75
218f3039-587a-46e5-94e8-87572d42c253,"Great Wall of China",19.75
e23e727e-f59b-4b87-ab43-51edbd33c073,"Iron Man",19.75
2f579c6f-bd5b-4719-a13f-c4d35c875356,"The Mandalorian",19.75
f2811f28-4ccf-4a00-9cb5-4d0698fcc95d,"Fall of Rome",19.89
f393aeeb-b12a-43d6-990a-4c387a06480c,"The Lion King",19.89
d914a552-ca6b-4bf9-b2b2-cef2d924e94e,"Fall of Berlin Wall",20.28
5fe5945c-5457-45af-a9c8-5a9a4c7dbf0b,"Online Shopping",20.38
d0ce4ea0-1310-44ba-b5a1-a099cbfdc0e1,"instagram story",20.38
1b15b547-2731-47e5-a0b8-5008ac27ae97,"Stranger Things",20.38
767eb8c2-f408-4acd-a1dd-b7564521508e,"Grocery Shopping",20.38
935495d2-73c5-4974-b60e-6753adfe4fab,"Travel Backpack",20.38
8268afd3-b1d7-48e8-9ca0-9d671e97ed82,"Angelina Jolie",20.38
36d971f8-f109-45e1-8d11-ca04b1e3b39c,"Cycling Race",20.46
6a0fa804-3e97-4060-b3a2-ea0cb6ec8f8a,"Sushi Roll",20.46
392bad37-cd6f-4605-b0eb-b0cb73af9462,"Skiing Trip",20.46
30c42e6a-55c3-4e0b-8b2f-591f652b6a5e,"Hockey Puck",20.46
66e75028-177e-497d-86fb-9c82c08af55f,"YouTube Star",20.46
449b0da6-ea5b-4497-9db6-2263d47c7b70,"Formula One",20.79
ba8b9617-e2a8-4c13-9383-a05b382ecf07,"The Weeknd",20.79
1ddf5d65-b408-4df7-9bdc-dc271c887b32,"First Flight",20.79
ceb044f3-d951-42c9-ae5e-38f7bb0048a9,"The Crown",20.79
47512d19-f4f1-4dc1-8953-6e8387f26b97,"The Matrix",20.79
4f294e34-834e-4955-9e33-fedbf53ef625,"The Beatles",20.79
ef3ceb24-504c-4974-bb61-44c9d9cf6c6f,"World Series",21.42
5e04ea99-4009-47ff-9638-a472f64f09a7,"Social Media",21.42
3353a667-37d5-4598-80e5-e9cb54d061b4,"Harry Potter",21.42
2735d566-f43d-4c1c-8772-9dc2638ddd41,"World Travel",21.42
233f606c-199c-4018-9458-3a70dc25cba8,"Chicken Nuggets",21.42
8128a3b4-3709-4aa4-a816-22a051aa8109,"Harry Styles",21.42
563aeb12-97d2-4fea-8b26-c2c4a59511c6,"Kim Kardashian",21.42
e900d92f-1588-48ea-910f-52f335fd8a29,"Dwayne Johnson",21.42
b8475996-c5e5-45d7-b375-ff1852f49ad2,"Meryl Streep",21.42
6ef95053-3402-4eb4-95bd-7c8b64cc0bdb,"Billie Eilish",21.42
a608efa0-aafc-4bf1-b6a6-1540da5c0191,"Space Travel",21.42
ef5bd3cf-5a79-4b62-a035-f4e8c2edfd48,"YouTube Channel",21.42
5760e7b7-7801-4d49-af43-1518a0f3978f,"Renaissance Art",21.42
9407d217-36b9-4457-aa6c-12368ca40dd3,"Shopping Mall",21.42
dda49144-094a-4381-9934-edb8e8600697,"French Fries",21.42
d146f3d4-2140-4636-bfed-84fa79112dfd,"Friends TV Show",21.64
637f1f8e-6489-4fc1-a8b9-9863175bdf82,"Hip Hop Dance",21.64
6f2cc985-a7e7-4d63-ba03-309030c13270,"Reality TV Show",21.64
6baef051-2e1c-4333-9d03-7bb4e31308ee,"All You Can Eat",21.83
626c34dd-60c1-4b6a-bb9f-47b93457a556,"Super Bowl",22.46
97bb980c-5562-490a-af0e-b318dee3c7d2,"Reality TV",22.46
bc72b51c-3dc1-4de9-86ab-ffe011a657ab,"Johnny Depp",22.46
ac6f1aed-ee5a-4264-a986-eba246720c89,"Tom Cruise",22.46
aae156d4-7a89-4118-ae31-d105ce8d7c59,"Fashion Show",22.46
4bb6644b-7844-46be-99c6-0ffa3778c173,"World Cup",22.46
fa41fbe9-5981-44ac-8585-293e86edb8bc,"Kanye West",22.46
679802e4-cb7f-4f51-a313-1492bdef4e5f,"Adele Concert",22.54
45a8ebe0-6c0b-4b78-88f3-3c1aa36d4968,"Violin Concert",22.54
66ffb5ec-1be9-4978-9c86-2f2385d1d71f,"Beyonce Concert",22.54
2e2ebc71-cf38-4dbb-92fe-bd08a79cc578,"Concert Tickets",22.54
c7f0a4a8-25f1-4c06-be7c-0ff14176adc5,"Beyoncé Concert",22.54
4c558b22-be61-462c-8ead-ce5c254ae100,"Star Trek",23.50
99963c65-4783-47d3-9090-0a398e079ffe,"Rock Band",23.50
589856f4-c00f-4870-ac02-4834bb5d0c07,"Birthday Cake",23.58
5ff665ba-3141-4329-9f44-37dbfc1a6458,"Pop Concert",23.58
7db01a25-ab9a-4b3d-a12f-7fa3827ac01a,"Running Marathon",23.58
bb996e40-179b-442c-94da-27a950bd4ac2,"Swimming Dolphins",23.58
bde9aa33-7304-4d8d-a6f7-47ea04a24932,"Football Touchdown",23.58
447d4ccb-145e-4443-a01f-fee4b4e8bc6d,"Rock Concert",23.58
bb32eaad-b523-4df3-9436-e8f342629053,"New York City",24.06
4251ee34-d19c-4122-b3b2-6daef938895b,"Baseball Pitch",24.63
4d1d5bc0-3c33-4617-a8fc-063c5fb23799,"Soccer Goalie",24.63
1b187516-0495-4cdf-9e6f-fec86b57d407,"Running Cheetah",24.63
8d8b1568-3c70-4efb-86ab-074fb190f894,"Ice Hockey",24.63
b2685e0a-3782-4df1-b8bb-9b9426c67221,"Baseball Pitcher",24.63
d159a426-1ff0-4710-a71c-7021a4f369da,"Swimming Relay",24.63
f3fc18a6-606d-4289-b301-62b15c512cb2,"Wedding Cake",24.63
1f1267ae-a4b0-4b2b-abbd-a63c7ae7087f,"Tennis Serve",24.63
a4a43405-85af-4b0e-9e0a-dd22de67bacb,"Football Tackle",24.63
5295ebf4-1027-4a8e-aab3-0ef71255eea1,"Golf Swing",24.63
412aaed8-583b-4234-b126-ec2ceb81b963,"Soccer Penalty",24.63
c2dff336-b65a-4f4b-b315-5d3df9277370,"Fast and Furious",24.75
10942484-01da-45f3-a12c-de488e9468c0,"Amazon Rainforest",25.38
5d69a15a-8492-4844-96c5-328e54fef053,"Celebrity Gossip",25.38
d41917d3-60f7-4f3a-875d-4364063d665e,"Soccer Goal",25.67
decaf224-a837-489d-900c-7f18974cabaa,"Swimming Laps",25.67
325d5a3d-a4c6-454c-905c-9f510c335ba8,"Basketball Dunk",25.67
f618feb5-24d2-4cec-8045-c83019d78996,"Swimming Race",25.67
89a8501c-a138-4b5a-afb7-800266b77c06,"Swimming Lap",25.67
1009895a-8994-4c20-97dd-5645120ae579,"Tea Time",26.00
d694876f-3170-4ba2-a432-97d6c7f07215,"Luxury Hotel",26.63
0db52a31-227e-42de-8fe9-6483258cfa40,"Hotel Check-In",26.63
6c030d8a-53ff-46ef-9e88-2a6944eb3ec1,"Eating Ice Cream",27.19
d8fe69f0-610d-4964-b0ea-fcb02a591a22,"TikTok Challenge",27.38
f4800066-f9e2-4d44-916a-ac8831c874d4,"The Avengers",27.75
d3536d21-181d-43e1-a8c9-b85ac08d64c9,"Ice Cream Cone",27.89
465d20fb-bd95-40f7-91dd-3de90d48efa6,"Time Travel",28.71
a13fae56-2751-4a8b-bd1e-02051da45b6e,"Lord of Rings",29.19
438ace4d-c1dc-4de4-a340-fb5fbd565a0c,"Baseball Home Run",29.28
c6081dc7-2017-4233-9fd8-cbbe3324d9e3,"Fitness Tracker",29.42
4c15e1d0-5dec-4460-90f7-38fe31f99ab3,"The Simpsons",29.75
e60ad3c9-3551-40d3-baf1-92bafb74f4c8,"Breaking Bad",29.75
70be8c5f-42a5-4703-a549-62cf55f41ce5,"Chocolate Cake",29.83
948961bc-a0d9-408f-b267-47598cc8ffa8,"Video Game Streamer",30.03
3bbe4412-bd34-42e9-9a4b-2af275b20a48,"Superhero Movie",30.58
6f7525ea-d610-43a8-bba1-52d8c5311564,"Hollywood Movie Set",30.73
fb6e47a2-ae23-4764-9c09-3d9eda417048,"Will Smith",30.79
5ef078f3-bd89-4170-b5f4-68f174514b8a,"Titanic Movie",31.63
8fa022a3-cc8e-4015-97d3-a7ae82533ff0,"Popcorn Movie",31.63
ccdd0358-c779-4ea4-838d-ffa245e16d2a,"Squid Game",31.63
7fbc88c3-cf36-4636-827e-8b54eb653ffb,"Video Game",31.63
ac00839c-0a69-4bf7-be3f-53460809f7ad,"Movie Night",31.63
3ac3973e-0454-44dc-afb4-f2e8bef6c10a,"Frozen Movie",31.63
3ac6140c-da95-449d-a6a5-c32c4f2375ce,"Silent Movie",31.63
795e71c1-5f7c-4840-bbd7-6e7becf687d1,"Avatar Movie",31.63
7b1c62e9-88f4-4098-8c78-9a2ccc6a064c,"Ice Cream",31.83
5ae9494c-5690-4c71-89f3-ea9f11c82a4c,"Cooking Show",32.46
e45917f0-0537-4594-b1f6-b18631eef5ee,"Electric Car",32.67
446e3162-4225-42e1-a898-95ae26fbe42c,"Self-driving Car",32.67
4cfaf721-47e1-4253-b9f9-ca2e6fd1305c,"Disney Princess",33.38
4290923a-8b5d-4a01-8078-85027fe30df8,"Netflix Binge-Watch",33.38
23b68cf0-f49d-4910-aff8-053af7c5c656,"Coffee Break",33.71
47e3c86c-3efe-497e-b725-21f3760449a3,"Hot Chocolate",34.00
9ca50610-0d9e-4776-ba8e-5d35b86330b5,"Frozen Disney",34.42
6867df19-022d-4093-bdb0-42cbaf1c757b,"Netflix Binge",34.42
275607a1-62d5-47ea-aa6c-c1268c73a643,"TikTok Dance",34.42
c89ddee7-6045-4a8c-8666-19fa6ab2c675,"TikTok Trends",34.42
e5f1d8d5-e6e7-436a-9f07-d9c5d5fe3764,"TikTok Dances",34.42
8d55aa76-a9d8-418a-bc35-b2109a7bc244,"Disney World",34.42
54b03721-4885-424c-8109-93f647b3cb94,"netflix series",34.42
1b4a637e-9a1b-42d3-990d-5fc72bf25a7b,"Apple Pie",35.46
6c575d5c-9d28-4983-a3b5-e8a938a0bb75,"The Office",36.00
d9dabdba-ef7d-4d1b-a431-2ae6ea1d6473,"Avatar The Movie",36.98
a384a75d-a4ad-48ae-9eb3-90510c6be6d5,"Pineapple Pizza",38.58
16c5ed03-5bac-4b44-8c9f-9be2e0b806dc,"Avengers Movie",38.58
baa9e68b-7f9e-4f27-bbdd-55713383212e,"Movie Marathon",38.58
a26b8491-6d2d-4f87-b1a6-bb0a62584baf,"Margarita Pizza",38.58
95321ad4-b06c-4297-87e3-5d60fc0e3ebc,"Pizza Party",39.63
f5f7b513-f555-4e92-ae7c-c176f2571beb,"Country Music",41.63
500a6ca2-088f-444b-9a47-d4097cf33ec5,"Pop Music",42.67
ecd3ae1c-a912-4461-8298-f21df108ac0f,"Pizza Delivery",42.75
e5ff102b-c2ed-402f-99ef-0baacba92f1f,"Music Festival",44.75
89d11126-20f8-4616-8906-7c9783bfecc7,"Football Game",44.83
d5a1ddb3-ab06-4d42-bd6f-b8681774b338,"Soccer Game",44.83
a19ded93-639e-4680-95d0-541c4a6cb5c9,"Hot Dog Stand",46.36
6b9da1dc-6dd7-4916-b1de-9ee0db432884,"Game of Thrones",46.98